{
  "trial_id": "af6b87ff9af4_trial_2",
  "parameters": {
    "param_a": -3.0,
    "param_b": -1.6666666666666667
  },
  "result": {
    "experiment_id": "af6b87ff9af4_trial_2",
    "name": "integration_optimization",
    "parameters": {
      "param_a": -3.0,
      "param_b": -1.6666666666666667
    },
    "metrics": {
      "integration_optimization": 11.777777777777779
    },
    "metadata": {},
    "timestamp": 1755113382.5449853,
    "duration": 4.5299530029296875e-06,
    "success": true,
    "error_message": null
  },
  "start_time": 1755113382.5449734,
  "end_time": 1755113382.544978,
  "status": "completed"
}