{
  "trial_id": "d7e48b75386c_trial_8",
  "parameters": {
    "x": -5.0,
    "y": 3.8888888888888893
  },
  "result": {
    "experiment_id": "d7e48b75386c_trial_8",
    "name": "quadratic",
    "parameters": {
      "x": -5.0,
      "y": 3.8888888888888893
    },
    "metrics": {
      "loss": 49.79012345679013,
      "x_squared": 25.0,
      "y_squared": 15.12345679012346
    },
    "metadata": {},
    "timestamp": 1755113181.7149415,
    "duration": 0.010216236114501953,
    "success": true,
    "error_message": null
  },
  "start_time": 1755113181.704697,
  "end_time": 1755113181.7149131,
  "status": "completed"
}