{
  "trial_id": "d7e48b75386c_trial_3",
  "parameters": {
    "x": -5.0,
    "y": -1.6666666666666665
  },
  "result": {
    "experiment_id": "d7e48b75386c_trial_3",
    "name": "quadratic",
    "parameters": {
      "x": -5.0,
      "y": -1.6666666666666665
    },
    "metrics": {
      "loss": 70.77777777777777,
      "x_squared": 25.0,
      "y_squared": 2.7777777777777772
    },
    "metadata": {},
    "timestamp": 1755113181.6594489,
    "duration": 0.01025843620300293,
    "success": true,
    "error_message": null
  },
  "start_time": 1755113181.6491675,
  "end_time": 1755113181.659426,
  "status": "completed"
}