{
  "trial_id": "d7e48b75386c_trial_6",
  "parameters": {
    "x": -5.0,
    "y": 1.666666666666667
  },
  "result": {
    "experiment_id": "d7e48b75386c_trial_6",
    "name": "quadratic",
    "parameters": {
      "x": -5.0,
      "y": 1.666666666666667
    },
    "metrics": {
      "loss": 50.77777777777778,
      "x_squared": 25.0,
      "y_squared": 2.7777777777777786
    },
    "metadata": {},
    "timestamp": 1755113181.6927466,
    "duration": 0.010159730911254883,
    "success": true,
    "error_message": null
  },
  "start_time": 1755113181.6825607,
  "end_time": 1755113181.6927204,
  "status": "completed"
}