{
  "trial_id": "d7e48b75386c_trial_4",
  "parameters": {
    "x": -5.0,
    "y": -0.5555555555555554
  },
  "result": {
    "experiment_id": "d7e48b75386c_trial_4",
    "name": "quadratic",
    "parameters": {
      "x": -5.0,
      "y": -0.5555555555555554
    },
    "metrics": {
      "loss": 61.641975308641975,
      "x_squared": 25.0,
      "y_squared": 0.30864197530864174
    },
    "metadata": {},
    "timestamp": 1755113181.6703598,
    "duration": 0.010234355926513672,
    "success": true,
    "error_message": null
  },
  "start_time": 1755113181.6600685,
  "end_time": 1755113181.6703029,
  "status": "completed"
}