{
  "trial_id": "0a3585b837ed_trial_2",
  "parameters": {
    "x": -5.0,
    "y": -2.7777777777777777
  },
  "result": {
    "experiment_id": "0a3585b837ed_trial_2",
    "name": "quadratic",
    "parameters": {
      "x": -5.0,
      "y": -2.7777777777777777
    },
    "metrics": {
      "loss": 82.38271604938271,
      "x_squared": 25.0,
      "y_squared": 7.716049382716049
    },
    "metadata": {},
    "timestamp": 1755113355.6874642,
    "duration": 0.010283708572387695,
    "success": true,
    "error_message": null
  },
  "start_time": 1755113355.677147,
  "end_time": 1755113355.6874306,
  "status": "completed"
}