{
  "trial_id": "0a3585b837ed_trial_6",
  "parameters": {
    "x": -5.0,
    "y": 1.666666666666667
  },
  "result": {
    "experiment_id": "0a3585b837ed_trial_6",
    "name": "quadratic",
    "parameters": {
      "x": -5.0,
      "y": 1.666666666666667
    },
    "metrics": {
      "loss": 50.77777777777778,
      "x_squared": 25.0,
      "y_squared": 2.7777777777777786
    },
    "metadata": {},
    "timestamp": 1755113355.7313697,
    "duration": 0.010273933410644531,
    "success": true,
    "error_message": null
  },
  "start_time": 1755113355.721069,
  "end_time": 1755113355.731343,
  "status": "completed"
}