{
  "trial_id": "0a3585b837ed_trial_5",
  "parameters": {
    "x": -5.0,
    "y": 0.5555555555555554
  },
  "result": {
    "experiment_id": "0a3585b837ed_trial_5",
    "name": "quadratic",
    "parameters": {
      "x": -5.0,
      "y": 0.5555555555555554
    },
    "metrics": {
      "loss": 54.97530864197531,
      "x_squared": 25.0,
      "y_squared": 0.30864197530864174
    },
    "metadata": {},
    "timestamp": 1755113355.7204428,
    "duration": 0.01013040542602539,
    "success": true,
    "error_message": null
  },
  "start_time": 1755113355.7102828,
  "end_time": 1755113355.7204132,
  "status": "completed"
}