{
  "trial_id": "0a3585b837ed_trial_7",
  "parameters": {
    "x": -5.0,
    "y": 2.7777777777777786
  },
  "result": {
    "experiment_id": "0a3585b837ed_trial_7",
    "name": "quadratic",
    "parameters": {
      "x": -5.0,
      "y": 2.7777777777777786
    },
    "metrics": {
      "loss": 49.04938271604938,
      "x_squared": 25.0,
      "y_squared": 7.7160493827160535
    },
    "metadata": {},
    "timestamp": 1755113355.7422018,
    "duration": 0.010188102722167969,
    "success": true,
    "error_message": null
  },
  "start_time": 1755113355.731988,
  "end_time": 1755113355.742176,
  "status": "completed"
}