{
  "trial_id": "0a3585b837ed_trial_1",
  "parameters": {
    "x": -5.0,
    "y": -3.888888888888889
  },
  "result": {
    "experiment_id": "0a3585b837ed_trial_1",
    "name": "quadratic",
    "parameters": {
      "x": -5.0,
      "y": -3.888888888888889
    },
    "metrics": {
      "loss": 96.4567901234568,
      "x_squared": 25.0,
      "y_squared": 15.123456790123456
    },
    "metadata": {},
    "timestamp": 1755113355.6764426,
    "duration": 0.010196447372436523,
    "success": true,
    "error_message": null
  },
  "start_time": 1755113355.6662169,
  "end_time": 1755113355.6764133,
  "status": "completed"
}