{
  "trial_id": "a42c2f178f24_trial_6",
  "parameters": {
    "x": -5.0,
    "y": 1.666666666666667
  },
  "result": {
    "experiment_id": "a42c2f178f24_trial_6",
    "name": "quadratic",
    "parameters": {
      "x": -5.0,
      "y": 1.666666666666667
    },
    "metrics": {
      "loss": 50.77777777777778,
      "x_squared": 25.0,
      "y_squared": 2.7777777777777786
    },
    "metadata": {},
    "timestamp": 1755113382.4222562,
    "duration": 0.01032567024230957,
    "success": true,
    "error_message": null
  },
  "start_time": 1755113382.4119062,
  "end_time": 1755113382.422232,
  "status": "completed"
}