{
  "trial_id": "a42c2f178f24_trial_2",
  "parameters": {
    "x": -5.0,
    "y": -2.7777777777777777
  },
  "result": {
    "experiment_id": "a42c2f178f24_trial_2",
    "name": "quadratic",
    "parameters": {
      "x": -5.0,
      "y": -2.7777777777777777
    },
    "metrics": {
      "loss": 82.38271604938271,
      "x_squared": 25.0,
      "y_squared": 7.716049382716049
    },
    "metadata": {},
    "timestamp": 1755113382.3783116,
    "duration": 0.010209083557128906,
    "success": true,
    "error_message": null
  },
  "start_time": 1755113382.3680685,
  "end_time": 1755113382.3782775,
  "status": "completed"
}