{
  "trial_id": "a42c2f178f24_trial_7",
  "parameters": {
    "x": -5.0,
    "y": 2.7777777777777786
  },
  "result": {
    "experiment_id": "a42c2f178f24_trial_7",
    "name": "quadratic",
    "parameters": {
      "x": -5.0,
      "y": 2.7777777777777786
    },
    "metrics": {
      "loss": 49.04938271604938,
      "x_squared": 25.0,
      "y_squared": 7.7160493827160535
    },
    "metadata": {},
    "timestamp": 1755113382.4331625,
    "duration": 0.010203123092651367,
    "success": true,
    "error_message": null
  },
  "start_time": 1755113382.4229312,
  "end_time": 1755113382.4331343,
  "status": "completed"
}