{
  "trial_id": "ba4b9ea036fb_trial_7",
  "parameters": {
    "x": -5.0,
    "y": 2.7777777777777786
  },
  "result": {
    "experiment_id": "ba4b9ea036fb_trial_7",
    "name": "quadratic",
    "parameters": {
      "x": -5.0,
      "y": 2.7777777777777786
    },
    "metrics": {
      "loss": 49.04938271604938,
      "x_squared": 25.0,
      "y_squared": 7.7160493827160535
    },
    "metadata": {},
    "timestamp": 1755113169.0357888,
    "duration": 0.010153055191040039,
    "success": true,
    "error_message": null
  },
  "start_time": 1755113169.0256152,
  "end_time": 1755113169.0357683,
  "status": "completed"
}