{
  "trial_id": "ba4b9ea036fb_trial_3",
  "parameters": {
    "x": -5.0,
    "y": -1.6666666666666665
  },
  "result": {
    "experiment_id": "ba4b9ea036fb_trial_3",
    "name": "quadratic",
    "parameters": {
      "x": -5.0,
      "y": -1.6666666666666665
    },
    "metrics": {
      "loss": 70.77777777777777,
      "x_squared": 25.0,
      "y_squared": 2.7777777777777772
    },
    "metadata": {},
    "timestamp": 1755113168.9925804,
    "duration": 0.010129690170288086,
    "success": true,
    "error_message": null
  },
  "start_time": 1755113168.982428,
  "end_time": 1755113168.9925578,
  "status": "completed"
}