{
  "trial_id": "ba4b9ea036fb_trial_1",
  "parameters": {
    "x": -5.0,
    "y": -3.888888888888889
  },
  "result": {
    "experiment_id": "ba4b9ea036fb_trial_1",
    "name": "quadratic",
    "parameters": {
      "x": -5.0,
      "y": -3.888888888888889
    },
    "metrics": {
      "loss": 96.4567901234568,
      "x_squared": 25.0,
      "y_squared": 15.123456790123456
    },
    "metadata": {},
    "timestamp": 1755113168.9710422,
    "duration": 0.010161161422729492,
    "success": true,
    "error_message": null
  },
  "start_time": 1755113168.9608548,
  "end_time": 1755113168.971016,
  "status": "completed"
}