{
  "trial_id": "ba4b9ea036fb_trial_5",
  "parameters": {
    "x": -5.0,
    "y": 0.5555555555555554
  },
  "result": {
    "experiment_id": "ba4b9ea036fb_trial_5",
    "name": "quadratic",
    "parameters": {
      "x": -5.0,
      "y": 0.5555555555555554
    },
    "metrics": {
      "loss": 54.97530864197531,
      "x_squared": 25.0,
      "y_squared": 0.30864197530864174
    },
    "metadata": {},
    "timestamp": 1755113169.0142138,
    "duration": 0.010168313980102539,
    "success": true,
    "error_message": null
  },
  "start_time": 1755113169.0040228,
  "end_time": 1755113169.0141912,
  "status": "completed"
}