{
  "trial_id": "ba4b9ea036fb_trial_4",
  "parameters": {
    "x": -5.0,
    "y": -0.5555555555555554
  },
  "result": {
    "experiment_id": "ba4b9ea036fb_trial_4",
    "name": "quadratic",
    "parameters": {
      "x": -5.0,
      "y": -0.5555555555555554
    },
    "metrics": {
      "loss": 61.641975308641975,
      "x_squared": 25.0,
      "y_squared": 0.30864197530864174
    },
    "metadata": {},
    "timestamp": 1755113169.0034194,
    "duration": 0.010237932205200195,
    "success": true,
    "error_message": null
  },
  "start_time": 1755113168.9931562,
  "end_time": 1755113169.0033941,
  "status": "completed"
}