{
  "trial_id": "d470e9412dcc_trial_4",
  "parameters": {
    "param_a": -3.0,
    "param_b": -0.3333333333333335
  },
  "result": {
    "experiment_id": "d470e9412dcc_trial_4",
    "name": "integration_optimization",
    "parameters": {
      "param_a": -3.0,
      "param_b": -0.3333333333333335
    },
    "metrics": {
      "integration_optimization": 9.11111111111111
    },
    "metadata": {},
    "timestamp": 1755113181.824468,
    "duration": 3.814697265625e-06,
    "success": true,
    "error_message": null
  },
  "start_time": 1755113181.8244586,
  "end_time": 1755113181.8244624,
  "status": "completed"
}