{
  "trial_id": "c9effc46531f_trial_2",
  "parameters": {
    "x": -5.0,
    "y": -2.7777777777777777
  },
  "result": {
    "experiment_id": "c9effc46531f_trial_2",
    "name": "quadratic",
    "parameters": {
      "x": -5.0,
      "y": -2.7777777777777777
    },
    "metrics": {
      "loss": 82.38271604938271,
      "x_squared": 25.0,
      "y_squared": 7.716049382716049
    },
    "metadata": {},
    "timestamp": 1755113303.42769,
    "duration": 0.010143756866455078,
    "success": true,
    "error_message": null
  },
  "start_time": 1755113303.4175282,
  "end_time": 1755113303.427672,
  "status": "completed"
}