{
  "trial_id": "c9effc46531f_trial_5",
  "parameters": {
    "x": -5.0,
    "y": 0.5555555555555554
  },
  "result": {
    "experiment_id": "c9effc46531f_trial_5",
    "name": "quadratic",
    "parameters": {
      "x": -5.0,
      "y": 0.5555555555555554
    },
    "metrics": {
      "loss": 54.97530864197531,
      "x_squared": 25.0,
      "y_squared": 0.30864197530864174
    },
    "metadata": {},
    "timestamp": 1755113303.4601104,
    "duration": 0.010167598724365234,
    "success": true,
    "error_message": null
  },
  "start_time": 1755113303.4499261,
  "end_time": 1755113303.4600937,
  "status": "completed"
}