{
  "trial_id": "11fb268d9588_trial_1",
  "parameters": {
    "param_a": -3.0,
    "param_b": -2.3333333333333335
  },
  "result": {
    "experiment_id": "11fb268d9588_trial_1",
    "name": "integration_optimization",
    "parameters": {
      "param_a": -3.0,
      "param_b": -2.3333333333333335
    },
    "metrics": {
      "integration_optimization": 14.444444444444446
    },
    "metadata": {},
    "timestamp": 1755113169.1458688,
    "duration": 5.7220458984375e-06,
    "success": true,
    "error_message": null
  },
  "start_time": 1755113169.1458547,
  "end_time": 1755113169.1458604,
  "status": "completed"
}