{
  "trial_id": "e624941183b6_trial_3",
  "parameters": {
    "x": -5.0,
    "y": -1.6666666666666665
  },
  "result": {
    "experiment_id": "e624941183b6_trial_3",
    "name": "quadratic",
    "parameters": {
      "x": -5.0,
      "y": -1.6666666666666665
    },
    "metrics": {
      "loss": 70.77777777777777,
      "x_squared": 25.0,
      "y_squared": 2.7777777777777772
    },
    "metadata": {},
    "timestamp": 1755113190.7869537,
    "duration": 0.010174751281738281,
    "success": true,
    "error_message": null
  },
  "start_time": 1755113190.7767565,
  "end_time": 1755113190.7869313,
  "status": "completed"
}