{
  "trial_id": "e624941183b6_trial_0",
  "parameters": {
    "x": -5.0,
    "y": -5.0
  },
  "result": {
    "experiment_id": "e624941183b6_trial_0",
    "name": "quadratic",
    "parameters": {
      "x": -5.0,
      "y": -5.0
    },
    "metrics": {
      "loss": 113.0,
      "x_squared": 25.0,
      "y_squared": 25.0
    },
    "metadata": {},
    "timestamp": 1755113190.7541232,
    "duration": 0.010233879089355469,
    "success": true,
    "error_message": null
  },
  "start_time": 1755113190.7438595,
  "end_time": 1755113190.7540934,
  "status": "completed"
}